46,90,5,4,24,64,13,88,75,75,2,44,77,17,95,86,55,56,28,67,10,68,47,65,2,23,31,55,60,25,25,8,19,44,91,22,88,74,77,61,15,32,71,69,23,71,58,61,68,37,33,36,16,74,82,25,45,15,33,25,40,7
398.0,8.652173913043478,4.4222222222222225,79.60000000000001,99.5,16.583333333333332,6.21875,30.615384615384617,4.5227272727272725,5.306666666666667,5.306666666666667,199.0,9.045454545454545,5.168831168831169,23.41176470588235,4.189473684210526,4.627906976744186,7.236363636363636,7.107142857142857,14.214285714285714,5.940298507462686,39.800000000000004,5.852941176470588,8.46808510638298,6.1230769230769235,199.0,17.304347826086957,12.838709677419354,7.236363636363636,6.633333333333333,15.92,15.92,49.75,20.94736842105263,9.045454545454545,4.373626373626374,18.09090909090909,4.5227272727272725,5.378378378378379,5.168831168831169,6.524590163934427,26.53333333333333,12.4375,5.605633802816902,5.768115942028985,17.304347826086957,5.605633802816902,6.862068965517241,6.524590163934427,5.852941176470588,10.756756756756758,12.06060606060606,11.055555555555555,24.875,5.378378378378379,4.853658536585366,15.92,8.844444444444445,26.53333333333333,12.06060606060606,15.92,9.950000000000001,56.857142857142854
690.0,15.0,7.666666666666667,138.0,172.5,28.75,10.78125,53.07692307692308,7.840909090909091,9.200000000000001,9.200000000000001,345.0,15.681818181818182,8.961038961038962,40.588235294117645,7.263157894736842,8.023255813953488,12.545454545454545,12.321428571428571,24.642857142857142,10.298507462686567,69.0,10.147058823529411,14.680851063829786,10.615384615384617,345.0,30.0,22.258064516129032,12.545454545454545,11.5,27.6,27.6,86.25,36.315789473684205,15.681818181818182,7.582417582417583,31.363636363636363,7.840909090909091,9.324324324324325,8.961038961038962,11.311475409836067,46.0,21.5625,9.71830985915493,10.0,30.0,9.71830985915493,11.89655172413793,11.311475409836067,10.147058823529411,18.64864864864865,20.90909090909091,19.166666666666664,43.125,9.324324324324325,8.414634146341463,27.6,15.333333333333334,46.0,20.90909090909091,27.6,17.25,98.57142857142857
761.0,16.543478260869566,8.455555555555556,152.20000000000002,190.25,31.708333333333332,11.890625,58.53846153846154,8.647727272727273,10.146666666666667,10.146666666666667,380.5,17.295454545454547,9.883116883116884,44.76470588235294,8.010526315789473,8.848837209302326,13.836363636363636,13.589285714285714,27.178571428571427,11.35820895522388,76.10000000000001,11.191176470588236,16.19148936170213,11.707692307692309,380.5,33.08695652173913,24.548387096774192,13.836363636363636,12.683333333333334,30.44,30.44,95.125,40.05263157894736,17.295454545454547,8.362637362637363,34.59090909090909,8.647727272727273,10.283783783783784,9.883116883116884,12.475409836065575,50.733333333333334,23.78125,10.71830985915493,11.028985507246377,33.08695652173913,10.71830985915493,13.120689655172413,12.475409836065575,11.191176470588236,20.56756756756757,23.060606060606062,21.13888888888889,47.5625,10.283783783783784,9.28048780487805,30.44,16.91111111111111,50.733333333333334,23.060606060606062,30.44,19.025000000000002,108.71428571428571
898.0,19.52173913043478,9.977777777777778,179.60000000000002,224.5,37.416666666666664,14.03125,69.07692307692308,10.204545454545455,11.973333333333334,11.973333333333334,449.0,20.40909090909091,11.662337662337663,52.8235294117647,9.452631578947368,10.441860465116278,16.327272727272728,16.035714285714285,32.07142857142857,13.402985074626866,89.80000000000001,13.205882352941176,19.106382978723403,13.815384615384616,449.0,39.04347826086956,28.967741935483872,16.327272727272728,14.966666666666667,35.92,35.92,112.25,47.26315789473684,20.40909090909091,9.868131868131869,40.81818181818182,10.204545454545455,12.135135135135135,11.662337662337663,14.721311475409836,59.86666666666667,28.0625,12.647887323943662,13.01449275362319,39.04347826086956,12.647887323943662,15.482758620689655,14.721311475409836,13.205882352941176,24.27027027027027,27.212121212121215,24.944444444444443,56.125,12.135135135135135,10.951219512195122,35.92,19.955555555555556,59.86666666666667,27.212121212121215,35.92,22.450000000000003,128.28571428571428
298.0,6.478260869565217,3.3111111111111113,59.6,74.5,12.416666666666666,4.65625,22.923076923076923,3.3863636363636362,3.9733333333333336,3.9733333333333336,149.0,6.7727272727272725,3.8701298701298703,17.52941176470588,3.136842105263158,3.4651162790697674,5.418181818181818,5.321428571428571,10.642857142857142,4.447761194029851,29.8,4.38235294117647,6.340425531914893,4.584615384615385,149.0,12.956521739130434,9.612903225806452,5.418181818181818,4.966666666666667,11.92,11.92,37.25,15.68421052631579,6.7727272727272725,3.274725274725275,13.545454545454545,3.3863636363636362,4.027027027027027,3.8701298701298703,4.885245901639345,19.866666666666667,9.3125,4.197183098591549,4.318840579710145,12.956521739130434,4.197183098591549,5.137931034482759,4.885245901639345,4.38235294117647,8.054054054054054,9.030303030303031,8.277777777777777,18.625,4.027027027027027,3.6341463414634148,11.92,6.622222222222223,19.866666666666667,9.030303030303031,11.92,7.45,42.57142857142857
858.0,18.652173913043477,9.533333333333333,171.60000000000002,214.5,35.75,13.40625,66.0,9.75,11.440000000000001,11.440000000000001,429.0,19.5,11.142857142857144,50.470588235294116,9.031578947368422,9.976744186046512,15.6,15.321428571428571,30.642857142857142,12.805970149253731,85.80000000000001,12.617647058823529,18.25531914893617,13.200000000000001,429.0,37.30434782608695,27.677419354838708,15.6,14.299999999999999,34.32,34.32,107.25,45.1578947368421,19.5,9.428571428571429,39.0,9.75,11.594594594594595,11.142857142857144,14.065573770491804,57.199999999999996,26.8125,12.084507042253522,12.434782608695652,37.30434782608695,12.084507042253522,14.793103448275861,14.065573770491804,12.617647058823529,23.18918918918919,26.0,23.833333333333332,53.625,11.594594594594595,10.463414634146341,34.32,19.066666666666666,57.199999999999996,26.0,34.32,21.450000000000003,122.57142857142857
761.0,16.543478260869566,8.455555555555556,152.20000000000002,190.25,31.708333333333332,11.890625,58.53846153846154,8.647727272727273,10.146666666666667,10.146666666666667,380.5,17.295454545454547,9.883116883116884,44.76470588235294,8.010526315789473,8.848837209302326,13.836363636363636,13.589285714285714,27.178571428571427,11.35820895522388,76.10000000000001,11.191176470588236,16.19148936170213,11.707692307692309,380.5,33.08695652173913,24.548387096774192,13.836363636363636,12.683333333333334,30.44,30.44,95.125,40.05263157894736,17.295454545454547,8.362637362637363,34.59090909090909,8.647727272727273,10.283783783783784,9.883116883116884,12.475409836065575,50.733333333333334,23.78125,10.71830985915493,11.028985507246377,33.08695652173913,10.71830985915493,13.120689655172413,12.475409836065575,11.191176470588236,20.56756756756757,23.060606060606062,21.13888888888889,47.5625,10.283783783783784,9.28048780487805,30.44,16.91111111111111,50.733333333333334,23.060606060606062,30.44,19.025000000000002,108.71428571428571
982.0,21.34782608695652,10.911111111111111,196.4,245.5,40.916666666666664,15.34375,75.53846153846155,11.15909090909091,13.093333333333334,13.093333333333334,491.0,22.31818181818182,12.753246753246755,57.76470588235294,10.336842105263157,11.41860465116279,17.854545454545455,17.535714285714285,35.07142857142857,14.656716417910447,98.2,14.441176470588236,20.893617021276594,15.107692307692309,491.0,42.69565217391304,31.677419354838708,17.854545454545455,16.366666666666667,39.28,39.28,122.75,51.68421052631579,22.31818181818182,10.791208791208792,44.63636363636364,11.15909090909091,13.27027027027027,12.753246753246755,16.098360655737707,65.46666666666667,30.6875,13.830985915492958,14.231884057971016,42.69565217391304,13.830985915492958,16.93103448275862,16.098360655737707,14.441176470588236,26.54054054054054,29.757575757575758,27.277777777777775,61.375,13.27027027027027,11.975609756097562,39.28,21.822222222222223,65.46666666666667,29.757575757575758,39.28,24.55,140.28571428571428
353.0,7.673913043478261,3.9222222222222225,70.60000000000001,88.25,14.708333333333332,5.515625,27.153846153846157,4.011363636363637,4.706666666666667,4.706666666666667,176.5,8.022727272727273,4.584415584415584,20.764705882352942,3.7157894736842105,4.104651162790698,6.418181818181818,6.303571428571428,12.607142857142856,5.268656716417911,35.300000000000004,5.1911764705882355,7.51063829787234,5.430769230769231,176.5,15.347826086956522,11.387096774193548,6.418181818181818,5.883333333333333,14.120000000000001,14.120000000000001,44.125,18.57894736842105,8.022727272727273,3.8791208791208796,16.045454545454547,4.011363636363637,4.77027027027027,4.584415584415584,5.786885245901639,23.53333333333333,11.03125,4.971830985915493,5.115942028985507,15.347826086956522,4.971830985915493,6.086206896551724,5.786885245901639,5.1911764705882355,9.54054054054054,10.696969696969697,9.805555555555555,22.0625,4.77027027027027,4.304878048780488,14.120000000000001,7.844444444444445,23.53333333333333,10.696969696969697,14.120000000000001,8.825000000000001,50.42857142857142
326.0,7.08695652173913,3.6222222222222222,65.2,81.5,13.583333333333332,5.09375,25.076923076923077,3.7045454545454546,4.346666666666667,4.346666666666667,163.0,7.409090909090909,4.233766233766234,19.176470588235293,3.431578947368421,3.7906976744186047,5.927272727272727,5.821428571428571,11.642857142857142,4.865671641791045,32.6,4.794117647058823,6.9361702127659575,5.015384615384615,163.0,14.17391304347826,10.516129032258064,5.927272727272727,5.433333333333334,13.040000000000001,13.040000000000001,40.75,17.157894736842103,7.409090909090909,3.5824175824175826,14.818181818181818,3.7045454545454546,4.405405405405405,4.233766233766234,5.344262295081967,21.733333333333334,10.1875,4.591549295774648,4.72463768115942,14.17391304347826,4.591549295774648,5.620689655172414,5.344262295081967,4.794117647058823,8.81081081081081,9.878787878787879,9.055555555555555,20.375,4.405405405405405,3.975609756097561,13.040000000000001,7.2444444444444445,21.733333333333334,9.878787878787879,13.040000000000001,8.15,46.57142857142857
88.0,1.9130434782608696,0.9777777777777779,17.6,22.0,3.6666666666666665,1.375,6.76923076923077,1.0,1.1733333333333333,1.1733333333333333,44.0,2.0,1.142857142857143,5.176470588235294,0.9263157894736842,1.0232558139534884,1.5999999999999999,1.5714285714285714,3.142857142857143,1.3134328358208955,8.8,1.2941176470588236,1.872340425531915,1.353846153846154,44.0,3.8260869565217392,2.838709677419355,1.5999999999999999,1.4666666666666666,3.52,3.52,11.0,4.631578947368421,2.0,0.9670329670329672,4.0,1.0,1.1891891891891893,1.142857142857143,1.4426229508196722,5.866666666666666,2.75,1.23943661971831,1.2753623188405798,3.8260869565217392,1.23943661971831,1.5172413793103448,1.4426229508196722,1.2941176470588236,2.3783783783783785,2.666666666666667,2.444444444444444,5.5,1.1891891891891893,1.0731707317073171,3.52,1.9555555555555557,5.866666666666666,2.666666666666667,3.52,2.2,12.571428571428571
104.0,2.260869565217391,1.1555555555555557,20.8,26.0,4.333333333333333,1.625,8.0,1.1818181818181819,1.3866666666666667,1.3866666666666667,52.0,2.3636363636363638,1.3506493506493507,6.117647058823529,1.0947368421052632,1.2093023255813953,1.8909090909090909,1.857142857142857,3.714285714285714,1.5522388059701493,10.4,1.5294117647058822,2.2127659574468086,1.6,52.0,4.521739130434782,3.354838709677419,1.8909090909090909,1.7333333333333334,4.16,4.16,13.0,5.473684210526315,2.3636363636363638,1.142857142857143,4.7272727272727275,1.1818181818181819,1.4054054054054055,1.3506493506493507,1.7049180327868854,6.933333333333334,3.25,1.4647887323943662,1.5072463768115942,4.521739130434782,1.4647887323943662,1.793103448275862,1.7049180327868854,1.5294117647058822,2.810810810810811,3.1515151515151514,2.888888888888889,6.5,1.4054054054054055,1.2682926829268293,4.16,2.3111111111111113,6.933333333333334,3.1515151515151514,4.16,2.6,14.857142857142856
538.0,11.695652173913043,5.977777777777778,107.60000000000001,134.5,22.416666666666664,8.40625,41.38461538461539,6.113636363636364,7.173333333333334,7.173333333333334,269.0,12.227272727272728,6.987012987012988,31.647058823529413,5.663157894736842,6.255813953488372,9.781818181818181,9.607142857142856,19.21428571428571,8.029850746268657,53.800000000000004,7.911764705882353,11.446808510638297,8.276923076923078,269.0,23.391304347826086,17.35483870967742,9.781818181818181,8.966666666666667,21.52,21.52,67.25,28.31578947368421,12.227272727272728,5.912087912087912,24.454545454545457,6.113636363636364,7.270270270270271,6.987012987012988,8.819672131147541,35.86666666666667,16.8125,7.577464788732395,7.797101449275362,23.391304347826086,7.577464788732395,9.275862068965518,8.819672131147541,7.911764705882353,14.540540540540542,16.303030303030305,14.944444444444443,33.625,7.270270270270271,6.560975609756098,21.52,11.955555555555556,35.86666666666667,16.303030303030305,21.52,13.450000000000001,76.85714285714285
903.0,19.630434782608695,10.033333333333333,180.60000000000002,225.75,37.625,14.109375,69.46153846153847,10.261363636363637,12.040000000000001,12.040000000000001,451.5,20.522727272727273,11.727272727272728,53.11764705882353,9.505263157894737,10.5,16.418181818181818,16.125,32.25,13.477611940298507,90.30000000000001,13.279411764705882,19.21276595744681,13.892307692307693,451.5,39.26086956521739,29.129032258064516,16.418181818181818,15.049999999999999,36.12,36.12,112.875,47.526315789473685,20.522727272727273,9.923076923076923,41.04545454545455,10.261363636363637,12.202702702702704,11.727272727272728,14.80327868852459,60.199999999999996,28.21875,12.71830985915493,13.08695652173913,39.26086956521739,12.71830985915493,15.568965517241379,14.80327868852459,13.279411764705882,24.405405405405407,27.363636363636363,25.083333333333332,56.4375,12.202702702702704,11.012195121951219,36.12,20.066666666666666,60.199999999999996,27.363636363636363,36.12,22.575000000000003,129.0
438.0,9.521739130434783,4.866666666666667,87.60000000000001,109.5,18.25,6.84375,33.69230769230769,4.9772727272727275,5.840000000000001,5.840000000000001,219.0,9.954545454545455,5.688311688311689,25.764705882352942,4.610526315789474,5.093023255813954,7.963636363636363,7.821428571428571,15.642857142857142,6.537313432835821,43.800000000000004,6.4411764705882355,9.319148936170212,6.7384615384615385,219.0,19.043478260869566,14.129032258064516,7.963636363636363,7.3,17.52,17.52,54.75,23.052631578947366,9.954545454545455,4.813186813186814,19.90909090909091,4.9772727272727275,5.918918918918919,5.688311688311689,7.180327868852459,29.2,13.6875,6.169014084507042,6.3478260869565215,19.043478260869566,6.169014084507042,7.551724137931035,7.180327868852459,6.4411764705882355,11.837837837837839,13.272727272727273,12.166666666666666,27.375,5.918918918918919,5.341463414634147,17.52,9.733333333333334,29.2,13.272727272727273,17.52,10.950000000000001,62.57142857142857
571.0,12.41304347826087,6.344444444444445,114.2,142.75,23.791666666666664,8.921875,43.92307692307693,6.488636363636364,7.613333333333334,7.613333333333334,285.5,12.977272727272728,7.415584415584416,33.588235294117645,6.010526315789473,6.6395348837209305,10.381818181818181,10.196428571428571,20.392857142857142,8.522388059701493,57.1,8.397058823529411,12.148936170212766,8.784615384615385,285.5,24.82608695652174,18.419354838709676,10.381818181818181,9.516666666666666,22.84,22.84,71.375,30.052631578947366,12.977272727272728,6.2747252747252755,25.954545454545457,6.488636363636364,7.716216216216217,7.415584415584416,9.360655737704919,38.06666666666666,17.84375,8.04225352112676,8.27536231884058,24.82608695652174,8.04225352112676,9.844827586206897,9.360655737704919,8.397058823529411,15.432432432432433,17.303030303030305,15.86111111111111,35.6875,7.716216216216217,6.963414634146342,22.84,12.68888888888889,38.06666666666666,17.303030303030305,22.84,14.275,81.57142857142857
75.0,1.6304347826086956,0.8333333333333334,15.0,18.75,3.125,1.171875,5.769230769230769,0.8522727272727273,1.0,1.0,37.5,1.7045454545454546,0.9740259740259741,4.411764705882353,0.7894736842105263,0.872093023255814,1.3636363636363635,1.3392857142857142,2.6785714285714284,1.1194029850746268,7.5,1.1029411764705883,1.5957446808510638,1.153846153846154,37.5,3.260869565217391,2.4193548387096775,1.3636363636363635,1.25,3.0,3.0,9.375,3.9473684210526314,1.7045454545454546,0.8241758241758242,3.409090909090909,0.8522727272727273,1.0135135135135136,0.9740259740259741,1.2295081967213115,5.0,2.34375,1.056338028169014,1.0869565217391304,3.260869565217391,1.056338028169014,1.293103448275862,1.2295081967213115,1.1029411764705883,2.027027027027027,2.272727272727273,2.083333333333333,4.6875,1.0135135135135136,0.9146341463414634,3.0,1.6666666666666667,5.0,2.272727272727273,3.0,1.875,10.714285714285714
941.0,20.456521739130434,10.455555555555556,188.20000000000002,235.25,39.20833333333333,14.703125,72.38461538461539,10.693181818181818,12.546666666666667,12.546666666666667,470.5,21.386363636363637,12.220779220779221,55.35294117647059,9.905263157894737,10.941860465116278,17.10909090909091,16.803571428571427,33.607142857142854,14.044776119402984,94.10000000000001,13.838235294117647,20.02127659574468,14.476923076923077,470.5,40.91304347826087,30.35483870967742,17.10909090909091,15.683333333333334,37.64,37.64,117.625,49.526315789473685,21.386363636363637,10.340659340659341,42.77272727272727,10.693181818181818,12.716216216216218,12.220779220779221,15.426229508196721,62.733333333333334,29.40625,13.253521126760564,13.63768115942029,40.91304347826087,13.253521126760564,16.224137931034484,15.426229508196721,13.838235294117647,25.432432432432435,28.515151515151516,26.138888888888886,58.8125,12.716216216216218,11.475609756097562,37.64,20.91111111111111,62.733333333333334,28.515151515151516,37.64,23.525000000000002,134.42857142857142
79.0,1.717391304347826,0.8777777777777778,15.8,19.75,3.2916666666666665,1.234375,6.0769230769230775,0.8977272727272727,1.0533333333333335,1.0533333333333335,39.5,1.7954545454545454,1.025974025974026,4.647058823529412,0.8315789473684211,0.9186046511627907,1.4363636363636363,1.4107142857142856,2.821428571428571,1.1791044776119404,7.9,1.161764705882353,1.680851063829787,1.2153846153846155,39.5,3.434782608695652,2.5483870967741935,1.4363636363636363,1.3166666666666667,3.16,3.16,9.875,4.157894736842105,1.7954545454545454,0.8681318681318682,3.590909090909091,0.8977272727272727,1.0675675675675675,1.025974025974026,1.2950819672131149,5.266666666666667,2.46875,1.1126760563380282,1.144927536231884,3.434782608695652,1.1126760563380282,1.3620689655172413,1.2950819672131149,1.161764705882353,2.135135135135135,2.393939393939394,2.194444444444444,4.9375,1.0675675675675675,0.9634146341463415,3.16,1.7555555555555555,5.266666666666667,2.393939393939394,3.16,1.975,11.285714285714285
583.0,12.67391304347826,6.477777777777778,116.60000000000001,145.75,24.291666666666664,9.109375,44.84615384615385,6.625,7.773333333333333,7.773333333333333,291.5,13.25,7.571428571428572,34.294117647058826,6.136842105263158,6.77906976744186,10.6,10.410714285714285,20.82142857142857,8.701492537313433,58.300000000000004,8.573529411764707,12.404255319148936,8.96923076923077,291.5,25.34782608695652,18.806451612903224,10.6,9.716666666666667,23.32,23.32,72.875,30.684210526315788,13.25,6.406593406593407,26.5,6.625,7.878378378378379,7.571428571428572,9.557377049180328,38.86666666666667,18.21875,8.211267605633804,8.44927536231884,25.34782608695652,8.211267605633804,10.051724137931034,9.557377049180328,8.573529411764707,15.756756756756758,17.666666666666668,16.194444444444443,36.4375,7.878378378378379,7.109756097560976,23.32,12.955555555555556,38.86666666666667,17.666666666666668,23.32,14.575000000000001,83.28571428571428
982.0,21.34782608695652,10.911111111111111,196.4,245.5,40.916666666666664,15.34375,75.53846153846155,11.15909090909091,13.093333333333334,13.093333333333334,491.0,22.31818181818182,12.753246753246755,57.76470588235294,10.336842105263157,11.41860465116279,17.854545454545455,17.535714285714285,35.07142857142857,14.656716417910447,98.2,14.441176470588236,20.893617021276594,15.107692307692309,491.0,42.69565217391304,31.677419354838708,17.854545454545455,16.366666666666667,39.28,39.28,122.75,51.68421052631579,22.31818181818182,10.791208791208792,44.63636363636364,11.15909090909091,13.27027027027027,12.753246753246755,16.098360655737707,65.46666666666667,30.6875,13.830985915492958,14.231884057971016,42.69565217391304,13.830985915492958,16.93103448275862,16.098360655737707,14.441176470588236,26.54054054054054,29.757575757575758,27.277777777777775,61.375,13.27027027027027,11.975609756097562,39.28,21.822222222222223,65.46666666666667,29.757575757575758,39.28,24.55,140.28571428571428
421.0,9.152173913043478,4.677777777777778,84.2,105.25,17.541666666666664,6.578125,32.38461538461539,4.784090909090909,5.613333333333333,5.613333333333333,210.5,9.568181818181818,5.467532467532468,24.764705882352942,4.431578947368421,4.895348837209302,7.654545454545454,7.517857142857142,15.035714285714285,6.2835820895522385,42.1,6.1911764705882355,8.957446808510639,6.476923076923077,210.5,18.304347826086957,13.580645161290322,7.654545454545454,7.016666666666667,16.84,16.84,52.625,22.157894736842103,9.568181818181818,4.626373626373627,19.136363636363637,4.784090909090909,5.6891891891891895,5.467532467532468,6.901639344262295,28.066666666666666,13.15625,5.929577464788733,6.101449275362319,18.304347826086957,5.929577464788733,7.258620689655173,6.901639344262295,6.1911764705882355,11.378378378378379,12.757575757575758,11.694444444444445,26.3125,5.6891891891891895,5.134146341463415,16.84,9.355555555555556,28.066666666666666,12.757575757575758,16.84,10.525,60.14285714285714
778.0,16.913043478260867,8.644444444444444,155.60000000000002,194.5,32.416666666666664,12.15625,59.84615384615385,8.840909090909092,10.373333333333335,10.373333333333335,389.0,17.681818181818183,10.103896103896105,45.76470588235294,8.189473684210526,9.046511627906977,14.145454545454545,13.892857142857142,27.785714285714285,11.611940298507463,77.80000000000001,11.441176470588236,16.5531914893617,11.96923076923077,389.0,33.826086956521735,25.096774193548388,14.145454545454545,12.966666666666667,31.12,31.12,97.25,40.94736842105263,17.681818181818183,8.54945054945055,35.36363636363637,8.840909090909092,10.513513513513514,10.103896103896105,12.754098360655739,51.86666666666667,24.3125,10.95774647887324,11.27536231884058,33.826086956521735,10.95774647887324,13.413793103448276,12.754098360655739,11.441176470588236,21.027027027027028,23.575757575757578,21.61111111111111,48.625,10.513513513513514,9.487804878048781,31.12,17.288888888888888,51.86666666666667,23.575757575757578,31.12,19.450000000000003,111.14285714285714
854.0,18.565217391304348,9.488888888888889,170.8,213.5,35.58333333333333,13.34375,65.6923076923077,9.704545454545455,11.386666666666667,11.386666666666667,427.0,19.40909090909091,11.090909090909092,50.23529411764706,8.989473684210527,9.930232558139535,15.527272727272727,15.25,30.5,12.746268656716417,85.4,12.558823529411764,18.170212765957448,13.13846153846154,427.0,37.130434782608695,27.548387096774192,15.527272727272727,14.233333333333333,34.160000000000004,34.160000000000004,106.75,44.94736842105263,19.40909090909091,9.384615384615385,38.81818181818182,9.704545454545455,11.54054054054054,11.090909090909092,14.0,56.93333333333333,26.6875,12.028169014084508,12.376811594202898,37.130434782608695,12.028169014084508,14.724137931034482,14.0,12.558823529411764,23.08108108108108,25.87878787878788,23.72222222222222,53.375,11.54054054054054,10.414634146341463,34.160000000000004,18.977777777777778,56.93333333333333,25.87878787878788,34.160000000000004,21.35,122.0
701.0,15.239130434782608,7.788888888888889,140.20000000000002,175.25,29.208333333333332,10.953125,53.92307692307693,7.965909090909091,9.346666666666668,9.346666666666668,350.5,15.931818181818182,9.103896103896105,41.23529411764706,7.378947368421052,8.151162790697674,12.745454545454544,12.517857142857142,25.035714285714285,10.462686567164178,70.10000000000001,10.308823529411764,14.914893617021276,10.784615384615385,350.5,30.478260869565215,22.612903225806452,12.745454545454544,11.683333333333334,28.04,28.04,87.625,36.89473684210526,15.931818181818182,7.7032967032967035,31.863636363636363,7.965909090909091,9.472972972972974,9.103896103896105,11.491803278688526,46.733333333333334,21.90625,9.873239436619718,10.159420289855072,30.478260869565215,9.873239436619718,12.086206896551724,11.491803278688526,10.308823529411764,18.945945945945947,21.242424242424242,19.47222222222222,43.8125,9.472972972972974,8.548780487804878,28.04,15.577777777777778,46.733333333333334,21.242424242424242,28.04,17.525000000000002,100.14285714285714
277.0,6.021739130434782,3.077777777777778,55.400000000000006,69.25,11.541666666666666,4.328125,21.30769230769231,3.147727272727273,3.6933333333333334,3.6933333333333334,138.5,6.295454545454546,3.597402597402598,16.294117647058822,2.9157894736842103,3.2209302325581395,5.036363636363636,4.946428571428571,9.892857142857142,4.134328358208955,27.700000000000003,4.073529411764706,5.8936170212765955,4.2615384615384615,138.5,12.043478260869565,8.935483870967742,5.036363636363636,4.616666666666666,11.08,11.08,34.625,14.578947368421051,6.295454545454546,3.0439560439560442,12.590909090909092,3.147727272727273,3.7432432432432434,3.597402597402598,4.540983606557377,18.466666666666665,8.65625,3.9014084507042255,4.0144927536231885,12.043478260869565,3.9014084507042255,4.775862068965517,4.540983606557377,4.073529411764706,7.486486486486487,8.393939393939394,7.694444444444444,17.3125,3.7432432432432434,3.378048780487805,11.08,6.155555555555556,18.466666666666665,8.393939393939394,11.08,6.925000000000001,39.57142857142857
566.0,12.304347826086957,6.288888888888889,113.2,141.5,23.583333333333332,8.84375,43.53846153846154,6.431818181818182,7.546666666666667,7.546666666666667,283.0,12.863636363636363,7.350649350649351,33.294117647058826,5.957894736842105,6.5813953488372094,10.290909090909091,10.107142857142856,20.21428571428571,8.44776119402985,56.6,8.323529411764707,12.042553191489361,8.707692307692309,283.0,24.608695652173914,18.258064516129032,10.290909090909091,9.433333333333334,22.64,22.64,70.75,29.789473684210524,12.863636363636363,6.21978021978022,25.727272727272727,6.431818181818182,7.648648648648649,7.350649350649351,9.278688524590164,37.733333333333334,17.6875,7.971830985915493,8.202898550724639,24.608695652173914,7.971830985915493,9.758620689655173,9.278688524590164,8.323529411764707,15.297297297297298,17.151515151515152,15.722222222222221,35.375,7.648648648648649,6.902439024390244,22.64,12.577777777777778,37.733333333333334,17.151515151515152,22.64,14.15,80.85714285714285
310.0,6.739130434782608,3.4444444444444446,62.0,77.5,12.916666666666666,4.84375,23.846153846153847,3.522727272727273,4.133333333333334,4.133333333333334,155.0,7.045454545454546,4.025974025974026,18.235294117647058,3.263157894736842,3.6046511627906974,5.636363636363636,5.535714285714286,11.071428571428571,4.626865671641791,31.0,4.5588235294117645,6.595744680851063,4.769230769230769,155.0,13.478260869565217,10.0,5.636363636363636,5.166666666666667,12.4,12.4,38.75,16.31578947368421,7.045454545454546,3.406593406593407,14.090909090909092,3.522727272727273,4.1891891891891895,4.025974025974026,5.081967213114754,20.666666666666668,9.6875,4.366197183098592,4.492753623188406,13.478260869565217,4.366197183098592,5.344827586206897,5.081967213114754,4.5588235294117645,8.378378378378379,9.393939393939394,8.61111111111111,19.375,4.1891891891891895,3.780487804878049,12.4,6.888888888888889,20.666666666666668,9.393939393939394,12.4,7.75,44.285714285714285
781.0,16.97826086956522,8.677777777777779,156.20000000000002,195.25,32.541666666666664,12.203125,60.07692307692308,8.875,10.413333333333334,10.413333333333334,390.5,17.75,10.142857142857144,45.94117647058823,8.221052631578948,9.081395348837209,14.2,13.946428571428571,27.892857142857142,11.656716417910447,78.10000000000001,11.485294117647058,16.617021276595743,12.015384615384615,390.5,33.95652173913044,25.193548387096772,14.2,13.016666666666666,31.240000000000002,31.240000000000002,97.625,41.10526315789473,17.75,8.582417582417584,35.5,8.875,10.554054054054054,10.142857142857144,12.80327868852459,52.06666666666666,24.40625,11.0,11.318840579710145,33.95652173913044,11.0,13.46551724137931,12.80327868852459,11.485294117647058,21.10810810810811,23.666666666666668,21.694444444444443,48.8125,10.554054054054054,9.52439024390244,31.240000000000002,17.355555555555558,52.06666666666666,23.666666666666668,31.240000000000002,19.525000000000002,111.57142857142857
981.0,21.32608695652174,10.9,196.20000000000002,245.25,40.875,15.328125,75.46153846153847,11.147727272727273,13.08,13.08,490.5,22.295454545454547,12.740259740259742,57.705882352941174,10.326315789473684,11.406976744186046,17.836363636363636,17.517857142857142,35.035714285714285,14.641791044776118,98.10000000000001,14.426470588235293,20.872340425531913,15.092307692307694,490.5,42.65217391304348,31.64516129032258,17.836363636363636,16.35,39.24,39.24,122.625,51.63157894736842,22.295454545454547,10.780219780219781,44.59090909090909,11.147727272727273,13.256756756756758,12.740259740259742,16.081967213114755,65.4,30.65625,13.816901408450704,14.217391304347826,42.65217391304348,13.816901408450704,16.913793103448274,16.081967213114755,14.426470588235293,26.513513513513516,29.727272727272727,27.25,61.3125,13.256756756756758,11.963414634146343,39.24,21.8,65.4,29.727272727272727,39.24,24.525000000000002,140.14285714285714
968.0,21.043478260869566,10.755555555555556,193.60000000000002,242.0,40.33333333333333,15.125,74.46153846153847,11.0,12.906666666666668,12.906666666666668,484.0,22.0,12.571428571428573,56.94117647058823,10.189473684210526,11.255813953488373,17.599999999999998,17.285714285714285,34.57142857142857,14.44776119402985,96.80000000000001,14.235294117647058,20.595744680851062,14.892307692307693,484.0,42.08695652173913,31.225806451612904,17.599999999999998,16.133333333333333,38.72,38.72,121.0,50.94736842105263,22.0,10.637362637362639,44.0,11.0,13.081081081081082,12.571428571428573,15.868852459016395,64.53333333333333,30.25,13.633802816901408,14.028985507246377,42.08695652173913,13.633802816901408,16.689655172413794,15.868852459016395,14.235294117647058,26.162162162162165,29.333333333333336,26.888888888888886,60.5,13.081081081081082,11.804878048780488,38.72,21.511111111111113,64.53333333333333,29.333333333333336,38.72,24.200000000000003,138.28571428571428
595.0,12.934782608695652,6.611111111111112,119.0,148.75,24.791666666666664,9.296875,45.769230769230774,6.761363636363637,7.933333333333334,7.933333333333334,297.5,13.522727272727273,7.7272727272727275,35.0,6.263157894736842,6.9186046511627906,10.818181818181818,10.625,21.25,8.880597014925373,59.5,8.75,12.659574468085106,9.153846153846155,297.5,25.869565217391305,19.193548387096772,10.818181818181818,9.916666666666666,23.8,23.8,74.375,31.31578947368421,13.522727272727273,6.538461538461539,27.045454545454547,6.761363636363637,8.04054054054054,7.7272727272727275,9.754098360655739,39.666666666666664,18.59375,8.380281690140846,8.623188405797102,25.869565217391305,8.380281690140846,10.258620689655173,9.754098360655739,8.75,16.08108108108108,18.03030303030303,16.52777777777778,37.1875,8.04054054054054,7.25609756097561,23.8,13.222222222222223,39.666666666666664,18.03030303030303,23.8,14.875,85.0
26.0,0.5652173913043478,0.2888888888888889,5.2,6.5,1.0833333333333333,0.40625,2.0,0.29545454545454547,0.3466666666666667,0.3466666666666667,13.0,0.5909090909090909,0.33766233766233766,1.5294117647058822,0.2736842105263158,0.3023255813953488,0.4727272727272727,0.46428571428571425,0.9285714285714285,0.3880597014925373,2.6,0.38235294117647056,0.5531914893617021,0.4,13.0,1.1304347826086956,0.8387096774193548,0.4727272727272727,0.43333333333333335,1.04,1.04,3.25,1.3684210526315788,0.5909090909090909,0.28571428571428575,1.1818181818181819,0.29545454545454547,0.35135135135135137,0.33766233766233766,0.42622950819672134,1.7333333333333334,0.8125,0.36619718309859156,0.37681159420289856,1.1304347826086956,0.36619718309859156,0.4482758620689655,0.42622950819672134,0.38235294117647056,0.7027027027027027,0.7878787878787878,0.7222222222222222,1.625,0.35135135135135137,0.3170731707317073,1.04,0.5777777777777778,1.7333333333333334,0.7878787878787878,1.04,0.65,3.714285714285714
73.0,1.5869565217391304,0.8111111111111111,14.600000000000001,18.25,3.0416666666666665,1.140625,5.615384615384616,0.8295454545454546,0.9733333333333334,0.9733333333333334,36.5,1.6590909090909092,0.9480519480519481,4.294117647058823,0.7684210526315789,0.8488372093023255,1.3272727272727272,1.3035714285714286,2.607142857142857,1.0895522388059702,7.300000000000001,1.0735294117647058,1.553191489361702,1.123076923076923,36.5,3.1739130434782608,2.3548387096774195,1.3272727272727272,1.2166666666666666,2.92,2.92,9.125,3.8421052631578947,1.6590909090909092,0.8021978021978022,3.3181818181818183,0.8295454545454546,0.9864864864864865,0.9480519480519481,1.1967213114754098,4.866666666666666,2.28125,1.028169014084507,1.0579710144927537,3.1739130434782608,1.028169014084507,1.2586206896551724,1.1967213114754098,1.0735294117647058,1.972972972972973,2.2121212121212124,2.0277777777777777,4.5625,0.9864864864864865,0.8902439024390244,2.92,1.6222222222222222,4.866666666666666,2.2121212121212124,2.92,1.8250000000000002,10.428571428571429
307.0,6.673913043478261,3.4111111111111114,61.400000000000006,76.75,12.791666666666666,4.796875,23.615384615384617,3.4886363636363638,4.093333333333334,4.093333333333334,153.5,6.9772727272727275,3.9870129870129873,18.058823529411764,3.231578947368421,3.5697674418604652,5.581818181818181,5.482142857142857,10.964285714285714,4.582089552238806,30.700000000000003,4.514705882352941,6.531914893617021,4.723076923076923,153.5,13.347826086956522,9.903225806451612,5.581818181818181,5.116666666666666,12.280000000000001,12.280000000000001,38.375,16.157894736842103,6.9772727272727275,3.373626373626374,13.954545454545455,3.4886363636363638,4.148648648648649,3.9870129870129873,5.032786885245902,20.466666666666665,9.59375,4.323943661971831,4.449275362318841,13.347826086956522,4.323943661971831,5.293103448275862,5.032786885245902,4.514705882352941,8.297297297297298,9.303030303030303,8.527777777777777,19.1875,4.148648648648649,3.7439024390243905,12.280000000000001,6.822222222222223,20.466666666666665,9.303030303030303,12.280000000000001,7.675000000000001,43.857142857142854
387.0,8.41304347826087,4.3,77.4,96.75,16.125,6.046875,29.76923076923077,4.3977272727272725,5.16,5.16,193.5,8.795454545454545,5.025974025974026,22.764705882352942,4.073684210526316,4.5,7.036363636363636,6.910714285714286,13.821428571428571,5.776119402985074,38.7,5.6911764705882355,8.23404255319149,5.953846153846154,193.5,16.82608695652174,12.483870967741936,7.036363636363636,6.45,15.48,15.48,48.375,20.36842105263158,8.795454545454545,4.252747252747253,17.59090909090909,4.3977272727272725,5.22972972972973,5.025974025974026,6.344262295081967,25.8,12.09375,5.450704225352113,5.608695652173913,16.82608695652174,5.450704225352113,6.672413793103448,6.344262295081967,5.6911764705882355,10.45945945945946,11.727272727272728,10.75,24.1875,5.22972972972973,4.719512195121951,15.48,8.6,25.8,11.727272727272728,15.48,9.675,55.285714285714285
484.0,10.521739130434783,5.377777777777778,96.80000000000001,121.0,20.166666666666664,7.5625,37.23076923076923,5.5,6.453333333333334,6.453333333333334,242.0,11.0,6.2857142857142865,28.470588235294116,5.094736842105263,5.627906976744186,8.799999999999999,8.642857142857142,17.285714285714285,7.223880597014925,48.400000000000006,7.117647058823529,10.297872340425531,7.446153846153846,242.0,21.043478260869566,15.612903225806452,8.799999999999999,8.066666666666666,19.36,19.36,60.5,25.473684210526315,11.0,5.318681318681319,22.0,5.5,6.540540540540541,6.2857142857142865,7.9344262295081975,32.266666666666666,15.125,6.816901408450704,7.0144927536231885,21.043478260869566,6.816901408450704,8.344827586206897,7.9344262295081975,7.117647058823529,13.081081081081082,14.666666666666668,13.444444444444443,30.25,6.540540540540541,5.902439024390244,19.36,10.755555555555556,32.266666666666666,14.666666666666668,19.36,12.100000000000001,69.14285714285714
340.0,7.391304347826087,3.777777777777778,68.0,85.0,14.166666666666666,5.3125,26.153846153846157,3.8636363636363638,4.533333333333333,4.533333333333333,170.0,7.7272727272727275,4.415584415584416,20.0,3.5789473684210527,3.953488372093023,6.181818181818182,6.071428571428571,12.142857142857142,5.074626865671641,34.0,5.0,7.23404255319149,5.230769230769231,170.0,14.782608695652174,10.96774193548387,6.181818181818182,5.666666666666667,13.6,13.6,42.5,17.894736842105264,7.7272727272727275,3.7362637362637368,15.454545454545455,3.8636363636363638,4.594594594594595,4.415584415584416,5.573770491803279,22.666666666666668,10.625,4.788732394366197,4.927536231884058,14.782608695652174,4.788732394366197,5.862068965517241,5.573770491803279,5.0,9.18918918918919,10.303030303030303,9.444444444444445,21.25,4.594594594594595,4.146341463414634,13.6,7.555555555555556,22.666666666666668,10.303030303030303,13.6,8.5,48.57142857142857
730.0,15.869565217391305,8.11111111111111,146.0,182.5,30.416666666666664,11.40625,56.15384615384616,8.295454545454545,9.733333333333334,9.733333333333334,365.0,16.59090909090909,9.480519480519481,42.94117647058823,7.684210526315789,8.488372093023255,13.272727272727272,13.035714285714285,26.07142857142857,10.895522388059701,73.0,10.735294117647058,15.53191489361702,11.230769230769232,365.0,31.73913043478261,23.548387096774192,13.272727272727272,12.166666666666666,29.2,29.2,91.25,38.421052631578945,16.59090909090909,8.021978021978022,33.18181818181818,8.295454545454545,9.864864864864865,9.480519480519481,11.967213114754099,48.666666666666664,22.8125,10.28169014084507,10.579710144927537,31.73913043478261,10.28169014084507,12.586206896551724,11.967213114754099,10.735294117647058,19.72972972972973,22.12121212121212,20.277777777777775,45.625,9.864864864864865,8.902439024390244,29.2,16.22222222222222,48.666666666666664,22.12121212121212,29.2,18.25,104.28571428571428
653.0,14.195652173913043,7.2555555555555555,130.6,163.25,27.208333333333332,10.203125,50.23076923076923,7.420454545454546,8.706666666666667,8.706666666666667,326.5,14.840909090909092,8.480519480519481,38.411764705882355,6.873684210526315,7.593023255813954,11.872727272727273,11.660714285714285,23.32142857142857,9.746268656716417,65.3,9.602941176470589,13.893617021276595,10.046153846153846,326.5,28.391304347826086,21.064516129032256,11.872727272727273,10.883333333333333,26.12,26.12,81.625,34.368421052631575,14.840909090909092,7.175824175824176,29.681818181818183,7.420454545454546,8.824324324324325,8.480519480519481,10.704918032786885,43.53333333333333,20.40625,9.19718309859155,9.46376811594203,28.391304347826086,9.19718309859155,11.258620689655173,10.704918032786885,9.602941176470589,17.64864864864865,19.78787878787879,18.13888888888889,40.8125,8.824324324324325,7.963414634146342,26.12,14.511111111111111,43.53333333333333,19.78787878787879,26.12,16.325,93.28571428571428
836.0,18.17391304347826,9.28888888888889,167.20000000000002,209.0,34.83333333333333,13.0625,64.3076923076923,9.5,11.146666666666667,11.146666666666667,418.0,19.0,10.857142857142858,49.17647058823529,8.799999999999999,9.720930232558139,15.2,14.928571428571427,29.857142857142854,12.477611940298507,83.60000000000001,12.294117647058822,17.78723404255319,12.861538461538462,418.0,36.34782608695652,26.967741935483872,15.2,13.933333333333334,33.44,33.44,104.5,44.0,19.0,9.186813186813188,38.0,9.5,11.297297297297298,10.857142857142858,13.704918032786885,55.733333333333334,26.125,11.774647887323944,12.115942028985508,36.34782608695652,11.774647887323944,14.413793103448276,13.704918032786885,12.294117647058822,22.594594594594597,25.333333333333336,23.22222222222222,52.25,11.297297297297298,10.195121951219512,33.44,18.57777777777778,55.733333333333334,25.333333333333336,33.44,20.900000000000002,119.42857142857142
854.0,18.565217391304348,9.488888888888889,170.8,213.5,35.58333333333333,13.34375,65.6923076923077,9.704545454545455,11.386666666666667,11.386666666666667,427.0,19.40909090909091,11.090909090909092,50.23529411764706,8.989473684210527,9.930232558139535,15.527272727272727,15.25,30.5,12.746268656716417,85.4,12.558823529411764,18.170212765957448,13.13846153846154,427.0,37.130434782608695,27.548387096774192,15.527272727272727,14.233333333333333,34.160000000000004,34.160000000000004,106.75,44.94736842105263,19.40909090909091,9.384615384615385,38.81818181818182,9.704545454545455,11.54054054054054,11.090909090909092,14.0,56.93333333333333,26.6875,12.028169014084508,12.376811594202898,37.130434782608695,12.028169014084508,14.724137931034482,14.0,12.558823529411764,23.08108108108108,25.87878787878788,23.72222222222222,53.375,11.54054054054054,10.414634146341463,34.160000000000004,18.977777777777778,56.93333333333333,25.87878787878788,34.160000000000004,21.35,122.0
885.0,19.23913043478261,9.833333333333334,177.0,221.25,36.875,13.828125,68.07692307692308,10.056818181818182,11.8,11.8,442.5,20.113636363636363,11.493506493506494,52.05882352941176,9.31578947368421,10.290697674418604,16.09090909090909,15.803571428571427,31.607142857142854,13.208955223880597,88.5,13.01470588235294,18.829787234042552,13.615384615384617,442.5,38.47826086956522,28.548387096774192,16.09090909090909,14.75,35.4,35.4,110.625,46.57894736842105,20.113636363636363,9.725274725274726,40.22727272727273,10.056818181818182,11.95945945945946,11.493506493506494,14.508196721311476,59.0,27.65625,12.464788732394366,12.82608695652174,38.47826086956522,12.464788732394366,15.258620689655173,14.508196721311476,13.01470588235294,23.91891891891892,26.81818181818182,24.583333333333332,55.3125,11.95945945945946,10.792682926829269,35.4,19.666666666666668,59.0,26.81818181818182,35.4,22.125,126.42857142857142
457.0,9.934782608695652,5.077777777777778,91.4,114.25,19.041666666666664,7.140625,35.15384615384615,5.193181818181818,6.093333333333334,6.093333333333334,228.5,10.386363636363637,5.935064935064935,26.88235294117647,4.810526315789474,5.313953488372093,8.309090909090909,8.160714285714285,16.32142857142857,6.820895522388059,45.7,6.720588235294118,9.72340425531915,7.0307692307692315,228.5,19.869565217391305,14.741935483870968,8.309090909090909,7.616666666666666,18.28,18.28,57.125,24.052631578947366,10.386363636363637,5.021978021978023,20.772727272727273,5.193181818181818,6.175675675675676,5.935064935064935,7.491803278688525,30.466666666666665,14.28125,6.436619718309859,6.6231884057971016,19.869565217391305,6.436619718309859,7.879310344827586,7.491803278688525,6.720588235294118,12.351351351351353,13.84848484848485,12.694444444444443,28.5625,6.175675675675676,5.573170731707317,18.28,10.155555555555557,30.466666666666665,13.84848484848485,18.28,11.425,65.28571428571428
115.0,2.5,1.277777777777778,23.0,28.75,4.791666666666666,1.796875,8.846153846153847,1.3068181818181819,1.5333333333333334,1.5333333333333334,57.5,2.6136363636363638,1.4935064935064937,6.764705882352941,1.2105263157894737,1.3372093023255813,2.090909090909091,2.0535714285714284,4.107142857142857,1.7164179104477613,11.5,1.6911764705882353,2.4468085106382977,1.7692307692307694,57.5,5.0,3.7096774193548385,2.090909090909091,1.9166666666666667,4.6000000000000005,4.6000000000000005,14.375,6.052631578947368,2.6136363636363638,1.263736263736264,5.2272727272727275,1.3068181818181819,1.5540540540540542,1.4935064935064937,1.8852459016393444,7.666666666666667,3.59375,1.619718309859155,1.6666666666666667,5.0,1.619718309859155,1.9827586206896552,1.8852459016393444,1.6911764705882353,3.1081081081081083,3.484848484848485,3.194444444444444,7.1875,1.5540540540540542,1.402439024390244,4.6000000000000005,2.555555555555556,7.666666666666667,3.484848484848485,4.6000000000000005,2.875,16.428571428571427
887.0,19.282608695652172,9.855555555555556,177.4,221.75,36.95833333333333,13.859375,68.23076923076924,10.079545454545455,11.826666666666668,11.826666666666668,443.5,20.15909090909091,11.51948051948052,52.17647058823529,9.336842105263157,10.313953488372093,16.127272727272725,15.839285714285714,31.678571428571427,13.238805970149253,88.7,13.044117647058822,18.872340425531913,13.646153846153847,443.5,38.565217391304344,28.612903225806452,16.127272727272725,14.783333333333333,35.480000000000004,35.480000000000004,110.875,46.68421052631579,20.15909090909091,9.747252747252748,40.31818181818182,10.079545454545455,11.986486486486488,11.51948051948052,14.540983606557377,59.13333333333333,27.71875,12.492957746478874,12.855072463768115,38.565217391304344,12.492957746478874,15.293103448275861,14.540983606557377,13.044117647058822,23.972972972972975,26.87878787878788,24.63888888888889,55.4375,11.986486486486488,10.817073170731708,35.480000000000004,19.711111111111112,59.13333333333333,26.87878787878788,35.480000000000004,22.175,126.71428571428571
444.0,9.652173913043478,4.933333333333334,88.80000000000001,111.0,18.5,6.9375,34.15384615384615,5.045454545454546,5.920000000000001,5.920000000000001,222.0,10.090909090909092,5.766233766233767,26.11764705882353,4.673684210526316,5.162790697674419,8.072727272727272,7.928571428571428,15.857142857142856,6.626865671641791,44.400000000000006,6.529411764705882,9.446808510638297,6.830769230769231,222.0,19.304347826086957,14.32258064516129,8.072727272727272,7.3999999999999995,17.76,17.76,55.5,23.36842105263158,10.090909090909092,4.8791208791208796,20.181818181818183,5.045454545454546,6.0,5.766233766233767,7.278688524590164,29.599999999999998,13.875,6.253521126760564,6.434782608695652,19.304347826086957,6.253521126760564,7.655172413793103,7.278688524590164,6.529411764705882,12.0,13.454545454545455,12.333333333333332,27.75,6.0,5.414634146341464,17.76,9.866666666666667,29.599999999999998,13.454545454545455,17.76,11.100000000000001,63.42857142857142
768.0,16.695652173913043,8.533333333333333,153.60000000000002,192.0,32.0,12.0,59.07692307692308,8.727272727272727,10.24,10.24,384.0,17.454545454545453,9.974025974025974,45.17647058823529,8.08421052631579,8.930232558139535,13.963636363636363,13.714285714285714,27.428571428571427,11.462686567164178,76.80000000000001,11.294117647058822,16.340425531914892,11.815384615384616,384.0,33.391304347826086,24.774193548387096,13.963636363636363,12.8,30.72,30.72,96.0,40.421052631578945,17.454545454545453,8.43956043956044,34.90909090909091,8.727272727272727,10.378378378378379,9.974025974025974,12.59016393442623,51.2,24.0,10.816901408450704,11.130434782608695,33.391304347826086,10.816901408450704,13.241379310344827,12.59016393442623,11.294117647058822,20.756756756756758,23.272727272727273,21.333333333333332,48.0,10.378378378378379,9.365853658536587,30.72,17.066666666666666,51.2,23.272727272727273,30.72,19.200000000000003,109.71428571428571
60.0,1.3043478260869565,0.6666666666666667,12.0,15.0,2.5,0.9375,4.615384615384616,0.6818181818181819,0.8,0.8,30.0,1.3636363636363638,0.7792207792207793,3.5294117647058822,0.631578947368421,0.6976744186046512,1.0909090909090908,1.0714285714285714,2.142857142857143,0.8955223880597015,6.0,0.8823529411764706,1.2765957446808511,0.9230769230769231,30.0,2.608695652173913,1.935483870967742,1.0909090909090908,1.0,2.4,2.4,7.5,3.1578947368421053,1.3636363636363638,0.6593406593406594,2.7272727272727275,0.6818181818181819,0.8108108108108109,0.7792207792207793,0.9836065573770493,4.0,1.875,0.8450704225352113,0.8695652173913043,2.608695652173913,0.8450704225352113,1.0344827586206897,0.9836065573770493,0.8823529411764706,1.6216216216216217,1.8181818181818183,1.6666666666666665,3.75,0.8108108108108109,0.7317073170731707,2.4,1.3333333333333335,4.0,1.8181818181818183,2.4,1.5,8.571428571428571
553.0,12.021739130434783,6.144444444444445,110.60000000000001,138.25,23.041666666666664,8.640625,42.53846153846154,6.284090909090909,7.373333333333334,7.373333333333334,276.5,12.568181818181818,7.1818181818181825,32.529411764705884,5.821052631578947,6.430232558139535,10.054545454545455,9.875,19.75,8.253731343283581,55.300000000000004,8.132352941176471,11.76595744680851,8.507692307692308,276.5,24.043478260869566,17.838709677419356,10.054545454545455,9.216666666666667,22.12,22.12,69.125,29.105263157894736,12.568181818181818,6.0769230769230775,25.136363636363637,6.284090909090909,7.472972972972974,7.1818181818181825,9.065573770491804,36.86666666666667,17.28125,7.788732394366197,8.01449275362319,24.043478260869566,7.788732394366197,9.53448275862069,9.065573770491804,8.132352941176471,14.945945945945947,16.757575757575758,15.36111111111111,34.5625,7.472972972972974,6.7439024390243905,22.12,12.28888888888889,36.86666666666667,16.757575757575758,22.12,13.825000000000001,79.0
478.0,10.391304347826086,5.311111111111111,95.60000000000001,119.5,19.916666666666664,7.46875,36.769230769230774,5.431818181818182,6.373333333333334,6.373333333333334,239.0,10.863636363636363,6.207792207792208,28.11764705882353,5.031578947368421,5.558139534883721,8.690909090909091,8.535714285714285,17.07142857142857,7.134328358208955,47.800000000000004,7.029411764705882,10.170212765957446,7.353846153846154,239.0,20.782608695652172,15.419354838709676,8.690909090909091,7.966666666666667,19.12,19.12,59.75,25.157894736842103,10.863636363636363,5.252747252747253,21.727272727272727,5.431818181818182,6.45945945945946,6.207792207792208,7.836065573770492,31.866666666666667,14.9375,6.732394366197183,6.927536231884058,20.782608695652172,6.732394366197183,8.241379310344827,7.836065573770492,7.029411764705882,12.91891891891892,14.484848484848484,13.277777777777777,29.875,6.45945945945946,5.829268292682927,19.12,10.622222222222222,31.866666666666667,14.484848484848484,19.12,11.950000000000001,68.28571428571428
356.0,7.739130434782608,3.9555555555555557,71.2,89.0,14.833333333333332,5.5625,27.384615384615387,4.045454545454546,4.746666666666667,4.746666666666667,178.0,8.090909090909092,4.623376623376624,20.941176470588236,3.7473684210526317,4.1395348837209305,6.472727272727273,6.357142857142857,12.714285714285714,5.313432835820896,35.6,5.235294117647059,7.574468085106383,5.476923076923077,178.0,15.478260869565217,11.483870967741936,6.472727272727273,5.933333333333334,14.24,14.24,44.5,18.736842105263158,8.090909090909092,3.9120879120879124,16.181818181818183,4.045454545454546,4.810810810810811,4.623376623376624,5.836065573770492,23.733333333333334,11.125,5.014084507042254,5.159420289855072,15.478260869565217,5.014084507042254,6.137931034482759,5.836065573770492,5.235294117647059,9.621621621621623,10.787878787878789,9.888888888888888,22.25,4.810810810810811,4.341463414634147,14.24,7.911111111111111,23.733333333333334,10.787878787878789,14.24,8.9,50.857142857142854
362.0,7.869565217391304,4.022222222222222,72.4,90.5,15.083333333333332,5.65625,27.846153846153847,4.113636363636363,4.826666666666667,4.826666666666667,181.0,8.227272727272727,4.701298701298701,21.294117647058822,3.8105263157894735,4.209302325581396,6.581818181818181,6.4642857142857135,12.928571428571427,5.402985074626866,36.2,5.323529411764706,7.702127659574468,5.56923076923077,181.0,15.739130434782608,11.67741935483871,6.581818181818181,6.033333333333333,14.48,14.48,45.25,19.052631578947366,8.227272727272727,3.9780219780219785,16.454545454545453,4.113636363636363,4.891891891891892,4.701298701298701,5.934426229508197,24.133333333333333,11.3125,5.098591549295775,5.246376811594203,15.739130434782608,5.098591549295775,6.241379310344827,5.934426229508197,5.323529411764706,9.783783783783784,10.96969696969697,10.055555555555555,22.625,4.891891891891892,4.414634146341464,14.48,8.044444444444444,24.133333333333333,10.96969696969697,14.48,9.05,51.71428571428571
488.0,10.608695652173912,5.4222222222222225,97.60000000000001,122.0,20.333333333333332,7.625,37.53846153846154,5.545454545454546,6.506666666666667,6.506666666666667,244.0,11.090909090909092,6.337662337662338,28.705882352941178,5.136842105263158,5.674418604651163,8.872727272727273,8.714285714285714,17.428571428571427,7.2835820895522385,48.800000000000004,7.176470588235294,10.382978723404255,7.507692307692308,244.0,21.217391304347824,15.741935483870968,8.872727272727273,8.133333333333333,19.52,19.52,61.0,25.684210526315788,11.090909090909092,5.362637362637363,22.181818181818183,5.545454545454546,6.594594594594595,6.337662337662338,8.0,32.53333333333333,15.25,6.873239436619718,7.072463768115942,21.217391304347824,6.873239436619718,8.413793103448276,8.0,7.176470588235294,13.18918918918919,14.787878787878789,13.555555555555555,30.5,6.594594594594595,5.951219512195122,19.52,10.844444444444445,32.53333333333333,14.787878787878789,19.52,12.200000000000001,69.71428571428571
277.0,6.021739130434782,3.077777777777778,55.400000000000006,69.25,11.541666666666666,4.328125,21.30769230769231,3.147727272727273,3.6933333333333334,3.6933333333333334,138.5,6.295454545454546,3.597402597402598,16.294117647058822,2.9157894736842103,3.2209302325581395,5.036363636363636,4.946428571428571,9.892857142857142,4.134328358208955,27.700000000000003,4.073529411764706,5.8936170212765955,4.2615384615384615,138.5,12.043478260869565,8.935483870967742,5.036363636363636,4.616666666666666,11.08,11.08,34.625,14.578947368421051,6.295454545454546,3.0439560439560442,12.590909090909092,3.147727272727273,3.7432432432432434,3.597402597402598,4.540983606557377,18.466666666666665,8.65625,3.9014084507042255,4.0144927536231885,12.043478260869565,3.9014084507042255,4.775862068965517,4.540983606557377,4.073529411764706,7.486486486486487,8.393939393939394,7.694444444444444,17.3125,3.7432432432432434,3.378048780487805,11.08,6.155555555555556,18.466666666666665,8.393939393939394,11.08,6.925000000000001,39.57142857142857
388.0,8.434782608695652,4.311111111111111,77.60000000000001,97.0,16.166666666666664,6.0625,29.846153846153847,4.409090909090909,5.173333333333334,5.173333333333334,194.0,8.818181818181818,5.038961038961039,22.823529411764707,4.08421052631579,4.511627906976744,7.054545454545454,6.928571428571428,13.857142857142856,5.791044776119403,38.800000000000004,5.705882352941177,8.25531914893617,5.969230769230769,194.0,16.869565217391305,12.516129032258064,7.054545454545454,6.466666666666667,15.52,15.52,48.5,20.421052631578945,8.818181818181818,4.263736263736264,17.636363636363637,4.409090909090909,5.243243243243244,5.038961038961039,6.360655737704918,25.866666666666667,12.125,5.464788732394366,5.6231884057971016,16.869565217391305,5.464788732394366,6.689655172413793,6.360655737704918,5.705882352941177,10.486486486486488,11.757575757575758,10.777777777777777,24.25,5.243243243243244,4.7317073170731705,15.52,8.622222222222222,25.866666666666667,11.757575757575758,15.52,9.700000000000001,55.42857142857142
475.0,10.326086956521738,5.277777777777778,95.0,118.75,19.791666666666664,7.421875,36.53846153846154,5.3977272727272725,6.333333333333334,6.333333333333334,237.5,10.795454545454545,6.168831168831169,27.941176470588236,5.0,5.523255813953488,8.636363636363637,8.482142857142856,16.96428571428571,7.08955223880597,47.5,6.985294117647059,10.106382978723405,7.307692307692308,237.5,20.652173913043477,15.32258064516129,8.636363636363637,7.916666666666667,19.0,19.0,59.375,25.0,10.795454545454545,5.21978021978022,21.59090909090909,5.3977272727272725,6.418918918918919,6.168831168831169,7.786885245901639,31.666666666666668,14.84375,6.690140845070423,6.884057971014493,20.652173913043477,6.690140845070423,8.189655172413794,7.786885245901639,6.985294117647059,12.837837837837839,14.393939393939394,13.194444444444443,29.6875,6.418918918918919,5.7926829268292686,19.0,10.555555555555555,31.666666666666668,14.393939393939394,19.0,11.875,67.85714285714285
245.0,5.326086956521739,2.7222222222222223,49.0,61.25,10.208333333333332,3.828125,18.846153846153847,2.784090909090909,3.266666666666667,3.266666666666667,122.5,5.568181818181818,3.181818181818182,14.411764705882353,2.5789473684210527,2.8488372093023258,4.454545454545454,4.375,8.75,3.656716417910448,24.5,3.6029411764705883,5.212765957446808,3.7692307692307696,122.5,10.652173913043478,7.903225806451613,4.454545454545454,4.083333333333333,9.8,9.8,30.625,12.894736842105262,5.568181818181818,2.6923076923076925,11.136363636363637,2.784090909090909,3.310810810810811,3.181818181818182,4.016393442622951,16.333333333333332,7.65625,3.450704225352113,3.5507246376811596,10.652173913043478,3.450704225352113,4.224137931034483,4.016393442622951,3.6029411764705883,6.621621621621622,7.424242424242425,6.805555555555555,15.3125,3.310810810810811,2.9878048780487805,9.8,5.444444444444445,16.333333333333332,7.424242424242425,9.8,6.125,35.0
878.0,19.08695652173913,9.755555555555556,175.60000000000002,219.5,36.58333333333333,13.71875,67.53846153846155,9.977272727272728,11.706666666666667,11.706666666666667,439.0,19.954545454545457,11.402597402597403,51.64705882352941,9.242105263157894,10.209302325581396,15.963636363636363,15.678571428571427,31.357142857142854,13.104477611940299,87.80000000000001,12.911764705882353,18.680851063829788,13.507692307692308,439.0,38.17391304347826,28.32258064516129,15.963636363636363,14.633333333333333,35.12,35.12,109.75,46.21052631578947,19.954545454545457,9.64835164835165,39.909090909090914,9.977272727272728,11.864864864864865,11.402597402597403,14.39344262295082,58.53333333333333,27.4375,12.366197183098592,12.72463768115942,38.17391304347826,12.366197183098592,15.137931034482758,14.39344262295082,12.911764705882353,23.72972972972973,26.606060606060606,24.38888888888889,54.875,11.864864864864865,10.707317073170731,35.12,19.511111111111113,58.53333333333333,26.606060606060606,35.12,21.950000000000003,125.42857142857142
594.0,12.91304347826087,6.6000000000000005,118.80000000000001,148.5,24.75,9.28125,45.69230769230769,6.75,7.920000000000001,7.920000000000001,297.0,13.5,7.714285714285714,34.94117647058823,6.252631578947368,6.906976744186046,10.799999999999999,10.607142857142856,21.21428571428571,8.865671641791044,59.400000000000006,8.735294117647058,12.638297872340425,9.13846153846154,297.0,25.82608695652174,19.161290322580644,10.799999999999999,9.9,23.76,23.76,74.25,31.26315789473684,13.5,6.527472527472528,27.0,6.75,8.027027027027028,7.714285714285714,9.737704918032787,39.6,18.5625,8.366197183098592,8.608695652173914,25.82608695652174,8.366197183098592,10.241379310344827,9.737704918032787,8.735294117647058,16.054054054054056,18.0,16.5,37.125,8.027027027027028,7.2439024390243905,23.76,13.200000000000001,39.6,18.0,23.76,14.850000000000001,84.85714285714285
270.0,5.869565217391304,3.0,54.0,67.5,11.25,4.21875,20.76923076923077,3.0681818181818183,3.6,3.6,135.0,6.136363636363637,3.5064935064935066,15.882352941176471,2.8421052631578947,3.13953488372093,4.909090909090909,4.821428571428571,9.642857142857142,4.029850746268656,27.0,3.9705882352941178,5.74468085106383,4.153846153846154,135.0,11.739130434782608,8.709677419354838,4.909090909090909,4.5,10.8,10.8,33.75,14.210526315789473,6.136363636363637,2.967032967032967,12.272727272727273,3.0681818181818183,3.6486486486486487,3.5064935064935066,4.426229508196721,18.0,8.4375,3.802816901408451,3.9130434782608696,11.739130434782608,3.802816901408451,4.655172413793103,4.426229508196721,3.9705882352941178,7.297297297297297,8.181818181818182,7.5,16.875,3.6486486486486487,3.2926829268292686,10.8,6.0,18.0,8.181818181818182,10.8,6.75,38.57142857142857
57.0,1.2391304347826086,0.6333333333333333,11.4,14.25,2.375,0.890625,4.384615384615385,0.6477272727272727,0.76,0.76,28.5,1.2954545454545454,0.7402597402597403,3.3529411764705883,0.6,0.6627906976744186,1.0363636363636364,1.0178571428571428,2.0357142857142856,0.8507462686567164,5.7,0.8382352941176471,1.2127659574468084,0.8769230769230769,28.5,2.4782608695652173,1.8387096774193548,1.0363636363636364,0.95,2.2800000000000002,2.2800000000000002,7.125,3.0,1.2954545454545454,0.6263736263736264,2.590909090909091,0.6477272727272727,0.7702702702702703,0.7402597402597403,0.9344262295081968,3.8,1.78125,0.8028169014084507,0.8260869565217391,2.4782608695652173,0.8028169014084507,0.9827586206896551,0.9344262295081968,0.8382352941176471,1.5405405405405406,1.7272727272727273,1.5833333333333333,3.5625,0.7702702702702703,0.6951219512195123,2.2800000000000002,1.2666666666666666,3.8,1.7272727272727273,2.2800000000000002,1.425,8.142857142857142
